{
    "2024/05/03-10:47:50": {
        "data": {
            "number_rows": 18651,
            "data_mean": 343638.87,
            "data_variance": 20558169442,
            "data_std": 143381.2
        },
        "model": {
            "model": "Random Forest Regression",
            "r2_train": 0.92864,
            "r2_test": 0.67012,
            "rmse_train": 38308.52,
            "rmse_test": 82249.71,
            "mae_train": 27237.39,
            "mae_test": 62350.51
        },
        "cross validation": {
            "mean_r2": 0.71,
            "mean_RMSE": 77241.97,
            "mean_MAE": 57181.6
        }
    }
}